sb,threat,ach,minority,gender,standards,engaged,stgy
-2.2773655637108234,0.2510795574061935,-1.5027915564485657,non-minority,non-binary,Low,0,5
1.7602061044754895,-1.1202701045165842,1.2449579263975847,minority,male,High,1,3
-0.5584926924593322,1.4040082518854018,-0.4079777997090421,minority,female,Average,0,3
-0.5071399173731606,1.0431417653496897,-0.7357135033874204,non-minority,non-binary,Average,1,1
-1.3007718440282312,2.249717712822612,-1.4539581749457833,minority,female,Low,1,5
-0.04642657099867853,-0.011151224554533545,-0.6335488948920635,non-minority,male,Average,0,1
-0.5476484351271702,0.09396390085335017,-0.22794243711413048,non-minority,female,Average,0,2
-0.6052585183834084,0.21924423669616894,-0.8088316553822587,minority,non-binary,Average,0,5
-0.6911319755859897,0.23528381655132788,0.5393346599028634,minority,non-binary,Average,1,2
-1.3496807638564432,-0.6358411095841876,1.452210160280814,non-minority,male,High,1,1
-0.33332405930658393,0.8167141222269405,-0.7658859305975392,minority,female,Average,1,2
-1.8199499864995952,1.0629824332738973,-0.5712351623271702,non-minority,male,Average,1,1
-0.7221861644035462,0.46569507324431286,-0.8251048513976827,minority,male,Average,0,2
-0.12030472466384542,0.24891523593572734,0.3841292671545509,non-minority,non-binary,Average,0,4
-0.4872978732352502,0.5304353554075603,0.5725184167586036,minority,female,Average,0,4
0.11551256417120018,1.0539699468940713,-0.6977469887449933,non-minority,non-binary,Average,1,3
-0.746604404397441,-1.466804202132698,1.9469848534374685,non-minority,female,High,1,2
0.2914783656275468,-0.20133455156574698,0.3817161439769492,non-minority,non-binary,Average,0,2
0.5771862291881077,-0.6330381237746615,0.10698442363516214,non-minority,male,Average,1,3
-0.14210496106998577,0.4922640986939235,-0.08395205305042638,minority,female,Average,0,1
-0.43587662589203613,-0.7847949585092302,0.07255355216537163,minority,male,Average,0,5
1.2573049440714266,-1.8989749530908946,1.8769112524494238,non-minority,non-binary,High,1,4
-0.20140707462448842,-0.9467188369661261,1.6246885705760108,non-minority,male,High,1,3
-1.1543147036616361,0.07940169748194092,0.2727161676464174,minority,non-binary,Average,0,5
-0.3926683865267425,1.1760448944246127,-0.9435226113575049,non-minority,non-binary,Average,0,3
0.6858184696490096,0.6756612367867367,-0.491683412537508,non-minority,female,Average,1,2
0.226039502144279,0.5628679054011712,-0.07655506974784299,non-minority,male,Average,1,1
0.4849037715073141,0.4887342519957935,0.4387297311713182,non-minority,male,Average,1,3
0.048415360759263996,0.04234038631876222,0.35827156294131235,minority,non-binary,Average,1,5
-0.5863866235847119,-0.3112542335562963,1.0207227203418747,non-minority,male,High,0,4
1.2522569391973963,-0.31031207784628756,0.3078671639009523,minority,male,Average,1,2
0.6552297852214554,-2.2232389762976763,2.177248392219041,minority,non-binary,High,1,5
-0.7655799332539474,0.3074514080858779,-0.377835011198857,minority,female,Average,0,1
-0.897200346576088,1.2934415683992322,-0.5277995151498446,minority,female,Average,0,2
-0.519726682942648,-0.06679691617670497,-0.5558023209566353,non-minority,non-binary,Average,0,2
-0.13999362462224557,0.24466554694403186,-0.807662548104169,non-minority,non-binary,Average,1,1
-1.114121551176253,-0.2582983362286957,1.2861719207483153,non-minority,male,High,1,3
-0.19836500429010043,0.49970167334736637,-0.48193914107899266,minority,non-binary,Average,0,1
0.6285709725631016,-0.5056646560053513,0.90315086348595,non-minority,male,Average,1,3
-0.6893882937421363,0.7840105261589341,-1.0642445680560981,minority,female,Low,0,1
0.3179027894264412,0.08270803922389283,0.0862327719693591,non-minority,male,Average,1,5
-1.0221285374735833,0.8421677271786431,-1.1046769459290389,minority,female,Low,0,1
0.9854109538892077,-0.5345997178225301,0.055591780591809914,minority,male,Average,0,4
-1.0297886019661946,1.4561175047561001,-1.5235136367187772,minority,non-binary,Low,1,2
-0.7244682034775638,0.4829098904340199,0.334733466533633,minority,female,Average,1,4
0.15477376140868254,-0.3475472152348686,0.6024204778651147,minority,non-binary,Average,1,4
-2.4425681892360753,0.4114958559589251,0.014794021446011284,minority,female,Average,0,4
0.5987915134889495,-0.3935178769225661,-0.42810515327734255,non-minority,male,Average,0,3
-0.17014646645597536,-0.38187744663363943,1.508724089414795,non-minority,male,High,1,3
-1.1040295992449443,0.15406516451934346,-0.1499228860457777,non-minority,non-binary,Average,0,1
0.12261344049533772,0.03928420111083696,-0.16036389828315123,non-minority,female,Average,1,5
-0.2889437398056741,-0.2628057944686487,-0.3154359668171291,non-minority,male,Average,0,5
0.95782150336792,-0.44049865047977343,-0.1180133674142537,non-minority,male,Average,0,1
0.5707231304676316,-2.035756973817797,2.314778018667194,non-minority,male,High,1,2
0.08078610571288841,1.0606025271060213,-1.5039645696576713,non-minority,female,Low,0,2
1.212793781194284,-0.43538583755891225,0.35603949928487955,minority,female,Average,0,2
0.30566698461962793,-1.051726869581401,-0.03380966726235163,non-minority,male,Average,0,3
-1.5602765883565994,1.6377259324090323,-0.22975858732485244,minority,non-binary,Average,0,2
0.7794147889617632,0.7278699999171456,-0.47012339558576743,non-minority,female,Average,0,1
0.3541255132848832,-0.7700003452095154,-0.32393393403727777,non-minority,non-binary,Average,1,3
-0.24617740940043586,-1.0547247021857684,0.082721130588719,minority,non-binary,Average,0,5
0.5390627169391539,-0.9311238831735854,1.0069189120366187,non-minority,female,High,1,4
0.09616389271689325,-0.865552329394708,1.0933978320776112,non-minority,male,High,0,3
0.2320658700554043,-0.2544741089758024,0.026836994045226617,non-minority,male,Average,0,3
-0.03361324882084539,-1.1028783354312328,0.8981316292008943,non-minority,female,Average,0,3
1.2417640999973458,-0.16898993117261463,0.8815971310946675,non-minority,female,Average,0,5
1.594747037835203,-1.9259417805602448,1.4507767041402904,minority,non-binary,High,0,3
-1.8934534961403655,1.6008057803414337,-2.022928000265394,minority,male,Low,0,1
-0.21168356757404544,-1.3593836179317997,1.1044583646928832,non-minority,male,High,1,3
0.34727060820250494,-1.1239910538820408,1.3239593601976785,non-minority,non-binary,High,1,5
-0.24719726886473542,0.40505106566728455,-0.6525153742833085,minority,female,Average,0,2
1.7046947537703143,0.43082783271894964,-0.30745743393161695,non-minority,non-binary,Average,0,2
0.861424188348752,0.8449807427051613,-0.8478494904620324,non-minority,female,Average,0,4
-0.12937625245805656,-0.2156871623834317,-0.562909074021096,non-minority,male,Average,0,2
-0.1281758602945131,-0.06487284129450065,-0.21517563383790542,non-minority,non-binary,Average,0,1
-0.7115394789343991,0.10722759669975107,-0.8540440424143537,non-minority,female,Average,0,1
-1.0402948610002882,1.7901334439353378,-0.3818883925142339,minority,female,Average,1,1
-0.792228132965026,-0.1016674634981311,-0.4022361556440937,minority,non-binary,Average,0,4
1.3551904199863496,-0.28765990379549933,-0.13130649775360625,non-minority,male,Average,0,2
-0.8752522828166635,-0.2856536392193767,-0.028898493976095924,minority,non-binary,Average,0,1
-1.2087344328556695,0.06979948445031742,1.0485295440108764,non-minority,non-binary,High,1,5
-0.3513209775304281,1.4922317075754257,-1.249624604650574,minority,female,Low,1,2
0.018719979019512174,-0.10585088552704291,-0.6142963316488136,non-minority,female,Average,0,2
0.5165021260087926,-1.7718830561365566,0.5613339732545886,non-minority,male,Average,1,5
-0.060788896055427546,0.23516160655194704,0.23675935075507373,minority,male,Average,0,2
1.0585098221334548,-1.2012787557342794,0.07535790642189533,non-minority,non-binary,Average,1,2
-0.22993521281635101,0.10232472840065637,-0.13752986256477806,minority,non-binary,Average,1,1
0.48544260208676876,-1.221957158816834,1.035728015843353,minority,female,High,1,3
-1.2510390566327703,0.4328573215474959,0.13841766119379026,minority,male,Average,0,2
-0.8068603334714616,1.1722059676730914,-0.4669665078116302,minority,female,Average,1,2
0.5459365221681178,-0.3006277972353764,0.16206714177825735,non-minority,male,Average,1,2
-1.5656037579409525,0.5941016227243126,-0.514113963804283,non-minority,female,Average,0,1
1.4603643376387219,-1.2084053493623474,-0.2520975841571167,non-minority,male,Average,0,2
-0.0031047511657847637,-0.5559482232477457,-0.26336693592849375,non-minority,male,Average,0,5
0.3812114736592396,-0.9374320363920837,1.2215220185965783,minority,female,High,1,4
-0.5524158959506079,0.29300449263504447,-0.08215240364385736,non-minority,female,Average,0,2
1.602902947700009,0.09282912457510534,-0.08917322899854949,non-minority,non-binary,Average,0,1
-0.6332993329469165,0.5923763017945758,-0.558937730251002,non-minority,male,Average,1,1
-1.0409306226012975,0.21212721674876067,0.47385358254008625,minority,female,Average,1,3
-0.6847054903908646,1.3917297837155653,-0.4422917747218824,minority,non-binary,Average,0,2
0.3534878756573745,-2.198826659626496,2.0919936264745047,non-minority,male,High,1,2
0.9911636291400938,0.5537167354613843,-0.0909185367437767,non-minority,female,Average,0,5
1.2235839059642195,-1.4277238533247267,1.894167752883045,non-minority,male,High,1,4
0.1303753401006097,0.7001811617765068,-0.7099890996776452,non-minority,female,Average,0,1
-0.395055341620701,-0.2744037579804068,0.2890593913905511,non-minority,male,Average,1,2
1.4615818782193963,-0.8122473550766547,-0.1031443575269041,non-minority,female,Average,1,5
-1.4175892477895806,-0.5150744847616108,0.005094632788034237,minority,male,Average,1,5
0.21721209623044854,-0.17197844226364825,0.5772865850496586,non-minority,male,Average,1,3
-1.2086846536475795,1.1972495317386809,-0.6180907051188871,non-minority,non-binary,Average,0,1
0.044287067098073216,-1.6503320504668264,1.9213812532463075,non-minority,male,High,0,4
-1.1803298458571163,-0.7937441906968712,0.29328923675423635,non-minority,male,Average,1,3
-0.5625148081072516,0.4631704845126438,-0.3456386495744213,minority,non-binary,Average,0,1
-1.3743601395838263,0.4680472461050134,0.3155832762904822,minority,female,Average,0,1
0.0856480680152486,-1.029995197873284,0.6671381543238524,non-minority,non-binary,Average,1,3
-0.48036272693984006,1.4560546813381636,-0.9623935843526179,minority,female,Average,0,3
0.019778554071156293,1.1982726333119436,-2.047247463791382,minority,female,Low,0,4
-0.5935831603621892,0.02358083506332421,-0.015071489078635418,non-minority,female,Average,0,1
-0.013398175044008427,-0.14984333998199428,-0.3618405883828351,non-minority,male,Average,0,4
-0.07438443126410227,-0.35430862933377677,0.3127003855751478,non-minority,female,Average,1,5
0.7371426422674326,-0.5301927935952694,1.7739554402741815,non-minority,male,High,1,2
-0.7245005603471257,-0.09961016936768326,0.053862804812495446,minority,male,Average,1,3
1.8180455675600746,-0.5469985285837825,-0.35117614897797844,non-minority,non-binary,Average,0,1
1.3730838646999575,-0.22876391081247896,-0.33447992806620097,minority,male,Average,0,4
-1.2504688437432592,1.365935078331347,-1.0414027509828443,minority,non-binary,Low,1,2
-1.166844441160085,1.4519987832768964,-0.7020243257173387,non-minority,female,Average,0,5
0.4456974334966984,-1.3857141225567575,1.5980269194243328,non-minority,non-binary,High,1,4
-0.0359423358251071,0.6012741292905818,0.12370338723916768,non-minority,non-binary,Average,1,4
2.818424796028552,-1.1558031557984125,1.7066629450186344,non-minority,female,High,1,4
-1.4177541202382251,2.254415082075252,-0.9582801934521827,minority,female,Average,0,2
1.088343456341455,0.9607488003491051,-0.13679889339789109,non-minority,non-binary,Average,0,2
1.0039742197819481,-0.45636125037401054,0.5761854380911893,non-minority,male,Average,1,2
0.26069460475185097,-0.4572739664740586,0.09873205812378769,non-minority,female,Average,0,4
-1.780728098493417,-0.13171062319835214,-0.49441875246894845,minority,male,Average,0,1
1.1303211743194865,-0.6821906626924998,1.1599028389148802,non-minority,male,High,1,5
-0.4785304972820688,0.2809024871192938,0.0012511373406806497,minority,female,Average,1,4
0.05124517963586453,-1.0265996356652818,1.4482923900712126,minority,female,High,1,5
-0.1565808906978793,-0.975275612965016,-6.192535030796753e-4,non-minority,male,Average,0,5
0.7994775310768322,-0.7681992357010167,0.612932812744152,minority,female,Average,1,2
-2.009845188344351,0.6686400449415434,-0.7548421895467909,non-minority,non-binary,Average,0,2
0.13687293508299808,-0.6087447441685685,0.5354808846695922,non-minority,male,Average,1,4
0.11993952792626544,-1.0136323061469557,1.4857325703300366,minority,male,High,1,3
-0.07417085784005838,0.13240428294765405,-1.4958502501618893,minority,non-binary,Low,0,3
1.4474695761872316,-1.7022052508349432,0.511125350909438,non-minority,male,Average,1,4
1.920785196260891,-1.3417705454014013,0.5517653639682982,non-minority,male,Average,0,4
-1.4516782191335946,1.2989293362027992,-0.6232773760153255,minority,male,Average,0,3
-0.30484928591325294,0.5716641698566125,-1.332544120023787,minority,female,Low,0,4
-1.367905538037687,1.6803853581493282,-1.7197928877297615,minority,non-binary,Low,0,3
0.36631228892047757,0.13054475973841936,-0.09018121327024795,non-minority,non-binary,Average,0,3
-1.4360573289347438,0.1361011662817887,-0.907357258076226,minority,male,Average,0,2
-0.9685526915192163,1.3296140406125385,-1.8298091030496046,minority,non-binary,Low,0,3
0.4158897022801688,-0.24896154266317214,0.019357330554214375,non-minority,male,Average,1,5
-0.2155213672152057,-0.2839130294630351,1.4312035768331781,minority,male,High,1,4
0.25020743296766207,1.0582660562079247,0.062019157127780056,non-minority,non-binary,Average,0,4
-0.7494720190844814,0.5599966241494265,-0.06546449652084663,non-minority,non-binary,Average,0,2
1.598950191935887,-0.21397480942617053,-0.5363394720936715,non-minority,male,Average,0,2
1.439203259951312,-1.0348758874468507,0.08096580941193421,non-minority,male,Average,1,3
-0.15382635726229918,-0.28637778378660794,0.45448623604219057,non-minority,non-binary,Average,1,5
-1.0286070894024213,2.6032008023038142,-1.430468706143889,non-minority,non-binary,Low,0,5
-0.3148736830128236,-1.1658863477386443,-0.2650977398860076,non-minority,male,Average,0,2
-0.4516967890935623,-0.6450393335786554,0.5653973534880146,non-minority,non-binary,Average,1,5
-2.5227502674714666,1.5328753980610834,-0.47152162993072433,non-minority,female,Average,0,1
1.3780041086877166,-0.8892750267936933,0.9920316099208714,non-minority,male,Average,1,4
0.2722769273516289,2.4033477876534293,-2.0001470644739943,non-minority,female,Low,0,1
0.06070489776012938,-0.3331047926221361,0.14409408450513622,non-minority,male,Average,1,1
-0.16357953477502918,0.27384690089831265,-0.9408833372248488,minority,female,Average,0,3
-0.9343090098616557,0.7874642325624216,0.33622855522784856,minority,female,Average,1,5
-1.6140131303224892,0.7445569959303009,-0.2078850212243015,minority,female,Average,1,1
0.4440291405306993,-1.5903322752781346,1.9485949001706249,non-minority,male,High,1,5
-0.4423020044063752,0.8498454071175374,-0.34204716090497767,minority,non-binary,Average,1,4
0.3906070214628853,-0.49104585982920995,1.207952505984096,non-minority,male,High,0,4
-0.13387607286394218,0.9356607141067509,-0.39933198966322464,minority,female,Average,0,2
-0.9340684971359031,0.5710014880386669,0.4408708730396482,minority,male,Average,0,5
0.43783254225486296,0.8156881089071955,-0.7476894991173592,non-minority,non-binary,Average,1,4
-0.6787967896778271,-0.20792137771472496,-0.501358634269851,minority,non-binary,Average,1,3
0.35257136169835707,-0.7026268141798623,0.6422435664497907,non-minority,female,Average,1,1
0.5766832692430913,-0.604353232413823,0.8424473438372557,non-minority,male,Average,1,5
-0.28083794090169667,0.6343120247562519,-1.05112926591335,minority,male,Low,1,3
0.3408274472697401,-0.42541264291863057,-0.1593157853811376,non-minority,male,Average,0,1
1.2741343858533678,-1.0709254476827141,1.9662748862519805,non-minority,female,High,1,4
-1.0458527355320535,0.6179862712141216,-0.3811748335873811,minority,non-binary,Average,0,4
-1.853471941544477,1.6347945334193117,-0.5525475703276734,non-minority,non-binary,Average,0,5
-1.229943651092508,0.7738614711182856,-1.4081647936494577,non-minority,female,Low,0,4
-2.0133625093143137,-0.21968034701403283,-0.25600899884692524,minority,male,Average,1,1
-0.8675878738329816,0.3174708501527253,0.13526302425171538,minority,non-binary,Average,1,3
-0.16835296203765004,0.2063772553373866,-0.8943995073929248,minority,male,Average,0,2
-1.404746363904537,1.0627890400079476,-0.09322320555362312,minority,non-binary,Average,1,1
-0.6130324722084401,-0.2726231756574812,-0.08853022466370772,minority,male,Average,0,5
-0.9676005879600288,-1.511216256138716,0.811635670382397,non-minority,male,Average,1,4
1.199649334825992,-0.9686085351506208,1.031475177579771,non-minority,male,High,1,3
0.88987267804727,-1.193931278272731,0.9118106373090228,non-minority,female,Average,1,2
1.3730283394884168,-1.2252433216672993,1.254241005525478,minority,female,High,0,4
0.09652610209242227,0.3668973359075723,-0.39490622139563014,minority,female,Average,0,3
2.2530260281173886,-1.6756187941084832,1.1118723846545637,minority,non-binary,High,1,5
0.6713491725426168,-0.252734679543628,0.45556948130940034,non-minority,male,Average,1,4
0.5036938829779734,-0.21972494958010486,0.5223962419443691,non-minority,male,Average,1,5
0.5137638939078771,-0.31489386493028615,-0.005805840272075258,non-minority,male,Average,0,1
-0.1271504391801228,-1.17726381497946,0.8637355056098887,non-minority,female,Average,0,5
0.9413067660318697,-0.6344193187644345,-0.46217351278309665,non-minority,male,Average,1,1
-1.462193725216284,1.054411948195368,-1.2206759941354695,minority,non-binary,Low,1,2
0.10616520808902896,0.7499048761371083,-1.407178837243611,minority,female,Low,0,2
-2.454510917669586,2.5419799547887063,-2.621290671056708,non-minority,female,Low,1,3
1.9967429431283854,0.46394500845959963,-1.234459149185719,minority,non-binary,Low,1,4
1.5392754797544506,-1.1401202947024869,0.7287785444221246,minority,male,Average,1,5
-0.35409824542723206,1.0454538436565395,-1.8996519937682008,minority,non-binary,Low,0,1
0.36388486678744947,1.177608953209117,-1.363649901208611,non-minority,non-binary,Low,0,1
1.7216474449181074,-1.3514413561002534,1.2987742162423839,non-minority,female,High,1,3
0.6458216268492587,-0.5649889539385913,-0.5127466589870654,non-minority,male,Average,0,3
-0.4556449481542725,1.3613835495348288,-1.578448796265156,minority,non-binary,Low,0,1
0.003780746474296704,-0.8962147200833247,1.211156033916027,non-minority,male,High,1,4
0.3788636182558422,-0.09001896981447642,-0.32816353544589183,non-minority,male,Average,0,1
0.8124458633085222,-0.01879161671892711,0.006901837640481676,minority,non-binary,Average,1,2
1.2168407208500958,0.6624301091976184,-0.46540285634349304,minority,non-binary,Average,0,2
0.15642663598290543,0.2638596235506684,0.447488835014128,non-minority,female,Average,0,5
-0.35036194781514546,1.0912955344002484,-1.0804573578018075,minority,female,Low,1,2
-0.9199707213234066,-0.331280460537931,0.6071662070268194,non-minority,male,Average,0,5
0.5075904996619081,-0.7697526682894492,1.9928107136224915,minority,female,High,0,5
0.1655476324890542,0.031862924961596595,-0.8437292740244655,minority,female,Average,0,1
1.7003682890731895,-1.8502931821263562,0.29424184322475344,non-minority,male,Average,1,4
-0.6916864078122723,0.7098368233092034,0.15501787884258192,minority,non-binary,Average,1,4
-0.32471275459096244,0.4247290695810439,-1.3940728630899668,minority,female,Low,0,5
1.277129600692647,-0.7263307591399866,0.6422694221897641,non-minority,male,Average,1,2
-0.6994639969397686,1.005062439423886,-1.0376702805519729,minority,male,Low,1,2
0.935975307349549,-1.0555767784834313,0.2195555079031542,minority,non-binary,Average,0,5
0.014468610457549887,0.9912035636305364,-0.49748642560670897,non-minority,non-binary,Average,0,2
-0.32968653304092405,-0.8932983626370719,0.35167984618277126,non-minority,male,Average,0,3
-0.47903766733175523,0.4387699807988357,-0.11872637563730785,minority,female,Average,0,3
-0.027934048150857232,0.5141481982102398,-0.3857925793684923,minority,non-binary,Average,1,4
-0.062434405430398444,-0.17252561009149908,0.7986378276802919,non-minority,female,Average,0,4
0.9853417173855149,-2.2110331304851822,0.9359634671933537,non-minority,male,Average,0,5
-1.051285599460689,0.9542322389225965,-0.8973224452163286,minority,non-binary,Average,1,5
-0.6701423816297938,0.0729790704626988,0.2940566351949091,minority,non-binary,Average,1,5
-0.31342604628074133,0.14140981781005774,-0.6113566145523046,minority,non-binary,Average,1,1
-0.2540061114326561,-0.9433090774758426,0.7998855073874829,minority,male,Average,0,1
-1.9034893491683846,1.2353357765162443,-1.181705740678161,non-minority,female,Low,0,4
-0.501136228058465,0.3344914637181602,-0.8888912192170633,minority,non-binary,Average,1,2
-1.3181805112108775,1.0131421521535746,-1.0519819837764552,non-minority,non-binary,Low,0,2
0.09890923672577784,0.327523918032969,-0.7192115993247935,non-minority,female,Average,1,1
0.7697051930972837,-1.780374055472189,0.8212884211786203,non-minority,female,Average,1,1
-0.643683220598045,0.42522627000957514,-0.6435809047729609,minority,non-binary,Average,0,3
-1.1711680386678633,0.4053833015557107,-0.8559987549978508,non-minority,female,Average,1,5
-1.088637982092422,-0.33990849883274676,0.826233564155919,non-minority,male,Average,0,4
-1.4183654684233375,-0.11993364648009266,0.4625715865223364,minority,non-binary,Average,1,1
1.5767984792470138,-0.5368936780863365,-0.19663802717142462,non-minority,male,Average,0,1
1.4218920880968697,-0.6873407526562438,-0.5496977236423122,minority,non-binary,Average,0,1
-1.8927010498056702,-0.38190449526899584,0.9806469647172765,non-minority,male,Average,0,5
-0.9752182513743948,-0.8689570296695259,1.0897364841759363,non-minority,male,High,1,2
-1.0219890067794468,0.9099438597223543,0.21398593102453917,minority,female,Average,1,1
0.8348054961278437,-2.383586023197984,1.2154269910403024,non-minority,female,High,1,1
1.3949051852880592,-0.1264987100431897,1.1711995628669207,non-minority,male,High,1,5
0.9113301396024253,-0.8028189624829298,0.5606697904082371,minority,female,Average,1,2
0.014571291079466614,0.9393842799809891,-0.1347077434194931,minority,female,Average,0,2
-0.6103100305463679,-0.7469859287312289,-0.5039570402775302,non-minority,male,Average,0,1
0.05453738038350403,0.5162565792184163,0.5898089400482894,minority,female,Average,0,5
0.07794531378212233,-0.3029801252694644,0.9464108079520124,minority,female,Average,1,5
-0.1994107633540907,-0.21146590073411253,-0.6070465671404781,non-minority,male,Average,0,2
0.11426403199910683,-0.10920027027723483,0.7478062801573038,non-minority,male,Average,1,4
-0.49062961870343863,-0.5372937257049355,0.13174982165498525,non-minority,male,Average,1,3
0.26850644796048206,0.3653299471168001,0.556144691320817,minority,non-binary,Average,1,5
-0.8549226095747899,0.9026197441555227,-1.462903687255485,minority,female,Low,1,1
-0.30517962233411017,0.3134704760565311,-2.279055331972767,non-minority,female,Low,1,3
-0.04948897875086479,0.20012852099299128,0.5543963580591456,non-minority,non-binary,Average,1,5
1.3869427554189475,-1.8946896892845109,1.133982402546838,non-minority,male,High,1,3
-0.9009732797308274,0.2312352586314256,-0.4584021313496499,non-minority,female,Average,1,1
-1.1423549711204573,0.23365166885779093,0.0782850301280637,non-minority,female,Average,1,2
0.2830132979303533,0.4529166671994431,0.03497269651341797,minority,non-binary,Average,1,1
-0.5926675581377627,-0.3166316075327432,0.8211146019769281,minority,male,Average,1,5
1.0418891002417596,0.30141771013960605,-0.2595289136895038,non-minority,female,Average,0,2
-0.04524589985788338,0.0903861874727236,0.11566968557853782,non-minority,non-binary,Average,1,2
1.934450983135617,-1.7260347274130332,0.8792679887073129,non-minority,male,Average,1,3
0.4074262699786342,0.7824467347668771,0.3404708193818717,non-minority,non-binary,Average,1,2
-2.3417308243540087,2.3179929779098454,-1.8503965581883703,non-minority,non-binary,Low,0,2
-0.5932440950408141,-0.42515252574074636,0.98251954412566,non-minority,female,Average,1,4
-1.0290228198537084,-1.254644235623296,1.1322852030596422,minority,male,High,1,4
0.25836275037049883,1.0554804650038832,0.46163201378918717,minority,male,Average,1,3
-0.4023564966013735,0.49241077482414136,-0.12506761885975115,minority,female,Average,0,3
0.8282459124684337,0.7435194970451595,-1.1464360187976104,minority,non-binary,Low,0,1
-0.4009534840833692,-0.49124996223628525,1.935587755388273,non-minority,male,High,1,5
-0.8154755590196967,0.22772698817560091,-0.4169047361011131,minority,non-binary,Average,0,1
0.1077627297105929,-1.9938947254205264,1.140216521911233,minority,non-binary,High,1,5
0.6916842043370355,-1.8972341773548733,1.5059367494972726,minority,male,High,1,2
1.745843546386963,0.41737381540967866,-1.5324813806568396,non-minority,non-binary,Low,0,3
0.16493096048489891,-0.49298302890494505,0.5545502893410028,non-minority,male,Average,1,2
-1.0486846111800716,0.7207951063770325,-0.5370736107847599,minority,non-binary,Average,1,3
1.2953886421558527,0.4448580838157666,-0.9395956667258849,non-minority,female,Average,1,1
-0.028694319736103206,-1.3261502363727242,1.3950283375707626,non-minority,male,High,1,5
-2.1462222558639557,1.9707543300631851,-1.7597205814085923,minority,female,Low,1,4
1.1175009319186833,-1.5493641193422278,1.4942904504696128,non-minority,male,High,1,3
1.568784160928891,-0.6046545891848674,0.9244607048231926,non-minority,male,Average,0,5
0.22140360065435657,1.1759401145912716,-1.0873056326313064,minority,female,Low,0,5
1.7340213714694142,-0.39968770183672186,0.48662271254130174,non-minority,male,Average,1,1
0.16849495634657352,0.011344829780153054,0.11355408259167701,non-minority,female,Average,0,4
-2.542846671523054,2.0058777210420073,-2.99042971179032,non-minority,non-binary,Low,1,3
0.9620411419239098,0.5857508227261505,-0.20785597853659554,non-minority,female,Average,0,1
-0.5419297488245668,-0.18080202297060122,1.1887837302158781,non-minority,male,High,1,5
-0.853796797485247,1.8104913732960333,-2.1357470161075853,non-minority,female,Low,0,3
-0.35066221844045675,0.6497389353571643,-0.5880641535566281,non-minority,non-binary,Average,0,4
-1.1440253883464075,0.33627982280179797,0.519283029911912,minority,female,Average,0,3
-0.05325420437093388,-0.8082469477961625,0.967331942877752,non-minority,male,Average,1,4
-0.7881154120559111,0.665642012740309,-0.9876353825306001,minority,female,Average,0,3
0.9215112315895212,-0.7513761915280044,0.5584239451354795,minority,male,Average,1,1
-1.0921886347636083,1.4016914923700527,-1.2538445485953997,non-minority,non-binary,Low,1,1
-0.8406600418766916,0.6016036278945881,-0.9538895207183058,minority,female,Average,0,3
-0.6272965284128705,0.8787736050388963,-1.0446440001254076,minority,non-binary,Low,0,3
-0.38347504559815704,-0.19220264585750407,-0.40607875911570057,non-minority,female,Average,0,3
0.923573775881209,-1.806082968757332,1.3826132158606637,non-minority,male,High,1,5
0.27794348596987156,-0.3027314137595675,1.218261764726619,non-minority,non-binary,High,1,5
-0.8459872862696396,0.1533617944424825,0.2733608983444197,minority,female,Average,1,3
1.4814347713269238,-0.3202420065686175,-0.1020907903289291,non-minority,male,Average,0,4
1.3643471123988502,-2.768771369800803,1.874095986727627,non-minority,male,High,1,5
0.05080802063136795,-0.2879626844187331,-0.29023838767229476,non-minority,male,Average,0,4
0.06548124806954936,-0.41959403621403235,0.32739538483350605,non-minority,non-binary,Average,1,4
0.7543715569526156,-0.0068897823793408475,-0.22511591573848802,non-minority,male,Average,0,1
0.05369217889498909,-0.325005737318504,1.8590917390298651,non-minority,non-binary,High,1,1
2.0677896770076765,-0.6042794487264956,-0.24885514669148143,non-minority,female,Average,1,2
-0.6018101102309268,0.8699627588360809,-1.2612842606246888,non-minority,non-binary,Low,0,1
-0.23103616115701364,0.4889446197096389,0.2073689312004967,minority,female,Average,0,2
-1.3561474961973876,0.6495553215449388,-0.8455911634727263,minority,female,Average,0,4
0.004243321036629111,-1.0755689659746217,-0.49387410488767297,non-minority,male,Average,0,1
-1.046555352077192,0.8637130641590143,-0.17611741638126915,minority,female,Average,0,2
-0.9175379586338575,1.9525165852364554,-2.0820144240154166,minority,female,Low,0,5
1.1506778179715622,-0.36509396679331796,0.13414007248746107,minority,non-binary,Average,1,5
0.5858835707652474,0.7799711545441755,-0.6467543294814753,non-minority,female,Average,0,2
-1.2193576322440463,1.2791613362371168,-1.2262518491745398,non-minority,female,Low,0,4
0.5671945162689942,0.9685786853640368,0.9184752740353521,minority,female,Average,1,2
-0.3651807987740069,1.2303093986046127,-0.28240729607746345,non-minority,non-binary,Average,1,1
0.6457716042541538,-0.0658895435020233,0.9571675075639052,non-minority,female,Average,0,3
-0.8855851573402161,0.05291521635256974,0.9362763271575476,non-minority,female,Average,1,5
0.6484406613361506,-0.9333678475551265,-0.22937756460206615,non-minority,non-binary,Average,0,2
1.3596383375301881,-0.3263918302748301,0.27964286807783256,minority,male,Average,0,4
0.8169711441622478,-1.4272665937272795,1.6388392603849935,non-minority,male,High,0,4
0.2585326146029824,-0.9065569558931974,1.54447119379715,minority,male,High,0,5
-0.6744696099023948,0.9680035808085921,0.1690339669445335,minority,non-binary,Average,1,5
-0.18166256292188349,0.8619651012954916,-1.1801680028764996,minority,male,Low,1,4
-0.42258467798253857,-0.3173804756160263,0.007293576391747381,non-minority,male,Average,0,2
0.4698705210172487,0.5818983446719286,-0.030210352056999956,non-minority,non-binary,Average,0,4
-0.34450413309544015,2.61749776588741,-1.731447421072799,non-minority,female,Low,1,5
-0.47884240411052204,0.5542722965271387,0.200052972028459,non-minority,non-binary,Average,1,2
-0.13041982866762084,0.49135905507787914,-0.26748603280275557,minority,non-binary,Average,0,3
-0.008725939276433323,0.4414487063959801,-0.18486618410937775,non-minority,non-binary,Average,0,2
0.4354960030121012,-0.047028371617489684,0.8623149973471209,non-minority,male,Average,1,4
-0.25081740843361516,0.13676921135172337,-0.6628222690267128,minority,female,Average,1,4
-0.3502063919101583,1.2347919023208236,-0.8661926440781975,minority,non-binary,Average,1,1
-0.15424103877596088,-0.18744617130330227,0.3316180486004285,non-minority,female,Average,1,2
0.40152650091424336,-0.1364668522224658,0.21989999253676884,non-minority,non-binary,Average,0,5
0.5203006021235219,-1.7064018261065401,0.8177979134712297,non-minority,non-binary,Average,1,1
0.9081306316716954,0.3851535506022904,-0.8138490096854911,minority,non-binary,Average,0,1
0.8108336310470691,2.336368989586581,-2.006227100491248,non-minority,non-binary,Low,0,1
1.1281015073174583,0.465730574762522,0.1243238380961092,non-minority,female,Average,0,2
-1.084698418545035,0.6083372093742996,-1.5498196580381727,minority,non-binary,Low,0,1
-0.08252941283606469,-1.8807527093827079,1.90697749179752,non-minority,male,High,0,5
-1.0228079153806593,0.1047701771827998,0.18832329867329445,minority,female,Average,1,1
-1.0562334958235866,1.1313927627633547,-1.5874541958988138,minority,non-binary,Low,0,5
-0.5492575117993427,-0.21631942665397974,0.7767456196414475,minority,male,Average,1,5
-1.2416708923531279,-1.6537615108852886,0.6395972436695927,non-minority,male,Average,1,2
-1.7655187404970256,0.5619500625202143,1.2053078843100418,minority,female,High,1,5
1.1468975262178196,-1.09862407056762,0.1752122141821859,non-minority,male,Average,1,1
-0.7595727312943554,1.2369625290689967,-0.8653810410789333,minority,female,Average,0,5
-0.18753173237639909,0.9923891805622849,-0.6037854822810929,minority,female,Average,0,4
-2.9388103964049614,0.06615357837236796,-0.13804306127349047,non-minority,non-binary,Average,0,1
-0.1867906858036662,-0.7115508645870372,0.6143747368760148,non-minority,male,Average,1,4
0.0408218419613193,1.7094104377501633,-0.34398832623235065,minority,female,Average,0,4
0.5458062680832662,0.8125897003778355,-1.4911349409477621,non-minority,non-binary,Low,0,2
0.3516393695299752,-0.23638982703048492,0.6709755996010631,non-minority,non-binary,Average,1,4
-0.19458367903202536,0.3849851374488177,0.18037058021948668,minority,female,Average,1,4
0.5917886538317015,-0.7408313423072075,0.2714167491923012,minority,female,Average,1,5
-1.550482948700006,0.7086424827451928,-0.29470106541641106,minority,female,Average,1,1
-0.11196704468952301,-0.2559328816174287,-0.25171426574338895,minority,female,Average,1,2
0.6115837873953095,0.4592849612147962,0.5196114442018183,non-minority,female,Average,1,4
0.35433149548929727,-0.38628367134890274,-0.3595157462297398,non-minority,male,Average,0,3
0.39854486395920163,-0.7924307357920563,0.9036891929728129,non-minority,male,Average,1,3
0.13775937438752497,0.560720306115825,-0.03199686400300117,non-minority,female,Average,0,1
0.14126589581773177,0.8160410728001275,0.8174236988308085,non-minority,non-binary,Average,0,3
1.2993958831430914,-0.22232400169360605,0.6966241120879959,non-minority,male,Average,0,5
1.5107042980671603,-2.3741700570521145,2.1331554324491266,minority,female,High,1,1
0.677947904815423,-0.5048554412063151,0.4962044970336724,non-minority,female,Average,1,5
1.7092034380746757,0.10910044717527803,0.05899914063514619,non-minority,non-binary,Average,1,5
-0.21001630746101527,-0.8781790438975452,0.953903894534158,non-minority,non-binary,Average,1,4
-1.0248845572227165,0.9562537004361531,-0.9408455672816526,minority,female,Average,0,5
0.4107055285959483,0.2955470154907816,-0.00544453276796264,non-minority,non-binary,Average,0,3
-0.23110994579915767,1.1823430283869547,-1.6347093482410149,minority,female,Low,1,2
1.2581886212865931,1.5824559895837802,-2.3858938953632562,non-minority,non-binary,Low,0,4
0.21194568395649532,0.6989456275019201,-0.5039348954597755,non-minority,female,Average,1,4
-0.47862472783139154,-0.9788607755522554,-0.22565661243463664,non-minority,male,Average,0,5
-0.4605282587365846,0.670180278426983,-0.44900663421612397,minority,non-binary,Average,0,1
-0.03150368878911849,-2.0552912980988562,1.8328698709797329,non-minority,male,High,1,5
0.3763628954405772,1.707849460437687,-2.264749389993083,non-minority,non-binary,Low,0,2
-1.136338235452088,-0.2460325642237201,0.20189662990789897,non-minority,male,Average,1,4
1.1574389344528233,-0.5790239703286634,0.9553869713366429,non-minority,male,Average,1,4
0.3781722950369446,0.6230419619438421,0.11621285720794017,non-minority,female,Average,1,2
1.0871970480688662,0.6928647745306891,-0.17743687660784951,minority,female,Average,0,1
0.14498763531608977,-0.48890047958149896,-0.6968343160020729,minority,male,Average,0,2
1.7946350504301807,-2.7077401871401685,2.0268836898805187,non-minority,male,High,1,4
1.0001187908185623,-1.4336761159788514,0.9430366458077776,non-minority,male,Average,1,5
-0.3111189590647195,1.4068623840658574,-1.9533867643458058,minority,non-binary,Low,1,2
0.4206095830697631,-1.1453201008501661,1.3578524828086282,non-minority,male,High,0,4
1.5046925012884316,-0.7500051570775518,0.7089839786314115,minority,male,Average,1,1
-0.7046271322569998,-0.163955455919489,0.23094688193922103,non-minority,non-binary,Average,1,3
-0.43981726207598176,0.6293629508112877,-0.9426458425101677,minority,non-binary,Average,0,1
-0.42026799871904796,0.48206673796891747,-1.018354233365925,non-minority,non-binary,Low,0,1
0.055744925797855824,0.5337956491188236,-0.09168454515126981,non-minority,female,Average,0,4
-0.865882057754933,-0.045137491904014226,0.8555719351307447,non-minority,male,Average,1,2
-1.1051697249874102,1.2830016268108402,-1.093028823173255,non-minority,male,Low,0,1
-0.30326340801647267,1.463875846927289,-1.5983387620640543,minority,female,Low,0,1
0.6262907840890951,0.5464616565533891,0.8073527558052873,non-minority,non-binary,Average,1,3
0.6471440392985658,0.36964107887875486,0.24385023015490206,minority,female,Average,1,5
-0.041287188668009005,-0.4384223317068943,0.09565008884754109,minority,non-binary,Average,1,3
-0.11567340696079818,0.6949618482345046,0.3795881652935103,non-minority,non-binary,Average,1,4
-1.2721816008547244,0.4861211596522921,0.06379021345699817,minority,non-binary,Average,1,4
2.455523769016006,-1.1608340454744814,1.0414423840607645,non-minority,male,High,1,4
-0.1388007090073558,-0.9474218082037309,1.7503988622011377,non-minority,male,High,1,3
1.4806220941197896,-0.595243832470302,1.3644270131388367,non-minority,male,High,1,2
0.5499101635022565,1.3193067389767819,-1.3886239514810659,non-minority,non-binary,Low,1,1
0.2877562648421828,-0.3104866167127752,0.610454746952038,non-minority,male,Average,0,3
-0.5977119981763244,1.6554384417088768,-1.5893549732530972,minority,male,Low,0,2
0.9583359646574928,-0.8428272994081862,1.2585049010507867,non-minority,male,High,1,4
-0.02555904201692947,-1.2121550485650654,1.1815915383010023,minority,male,High,1,4
-0.8773933096288822,-0.5915991625591794,0.15288082927205482,non-minority,male,Average,0,5
0.16803212217968516,0.8198796000706166,0.013128704086660448,non-minority,male,Average,1,5
1.6527936778544619,-0.4434753073769131,0.800436725841154,non-minority,male,Average,0,4
-0.5749289705101148,-0.05917931332247928,-0.24182929512479248,non-minority,male,Average,0,4
0.4148643599215157,-0.6895468908546057,0.23312235705746914,non-minority,male,Average,1,5
-1.1596429472827738,0.6740878665925024,-0.651043711811349,non-minority,female,Average,0,2
-0.9295440910447439,1.3205017437034108,-1.5427880378328296,non-minority,non-binary,Low,0,1
8.07607191265128e-4,-0.2516964054642702,0.32752491182203275,non-minority,female,Average,1,2
-1.3894195318822447,0.08165708188883508,0.9344021015238015,minority,non-binary,Average,1,5
-1.0155286703837414,0.3396877730168574,0.42741205895617496,minority,female,Average,1,2
0.10881561605258756,1.476886304752189,-0.8510367627792484,non-minority,female,Average,0,1
0.16397375048387672,-0.008074935050643967,0.39845820392069053,non-minority,male,Average,1,5
-1.923071126593456,1.839709863807127,-1.2300589162444642,non-minority,female,Low,0,3
-0.20751655543189873,1.2751415788837426,-0.9561826968463623,minority,non-binary,Average,0,4
1.5876867070962823,-0.42304295487656973,-0.18541126504310962,non-minority,male,Average,0,2
-0.04730488298012014,-0.028093399717426193,0.45911762932705225,non-minority,male,Average,1,3
-0.510892983061825,-0.4729353672962802,0.6524970263846854,non-minority,male,Average,0,3
0.19543104689842938,0.017150434394311354,0.678132044945712,non-minority,female,Average,1,4
-1.03610464332683,-0.7733896402186687,0.8631714421047706,non-minority,male,Average,1,4
-0.3227460076139075,0.9939724942967503,-1.6536242184339016,minority,non-binary,Low,1,1
-0.7366354960841892,0.387998591371094,-0.6597058015955679,minority,female,Average,0,2
-0.9423403266458042,1.5489218048813211,-1.985746950652235,minority,male,Low,1,3
1.01097989522874,0.32281465507221596,-0.6420852405158287,minority,non-binary,Average,0,3
-0.24984661993965063,0.25570312025549924,0.10427124739215837,minority,non-binary,Average,1,5
-1.1264325098364816,1.0949076133845472,0.909219954046447,minority,female,Average,1,5
0.09152136706499779,-0.9201345676937618,0.551538434801792,non-minority,non-binary,Average,0,5
0.1840040841642439,0.6107234439689155,-0.9935346200561185,non-minority,non-binary,Average,0,1
0.1646614330075196,-1.3021974242336414,1.3253792247500793,minority,male,High,1,1
-0.7730128210098417,-0.011436090647010344,0.8458397847939018,minority,male,Average,1,4
0.5605918451212009,-1.0558513449191786,0.2122504684552346,non-minority,male,Average,0,4
0.11098395391485998,-0.8168083050594129,0.7878966515052491,minority,female,Average,0,3
-0.5228962533297004,-1.145891545924391,0.36716083640301306,non-minority,male,Average,1,3
0.1184071978223456,0.7953988353047329,0.1305447795137103,non-minority,non-binary,Average,1,5
0.3651224997611517,-0.14853168637065267,0.7709187508242299,non-minority,non-binary,Average,1,5
0.43711545826418663,-1.0175764180563562,0.37628752309056723,non-minority,male,Average,0,4
-1.2693860268173933,2.1954086805686153,-2.0086391198770848,minority,female,Low,1,1
-0.7086740785186544,0.32018868850262094,-0.24819589994977398,minority,non-binary,Average,1,1
-1.2806906681314927,-1.338438730409467,0.15002697225428108,non-minority,female,Average,0,1
0.46146883623638224,-1.3347655761454789,-0.30389733849019035,minority,non-binary,Average,0,1
0.4622808551288407,-0.12779118338689144,-0.2630373915907961,non-minority,female,Average,0,1
0.5012286506205171,-0.8748140578663675,0.26946766721835275,minority,non-binary,Average,1,3
-0.6084315002052594,0.027433317895551312,-0.748271607278522,non-minority,non-binary,Average,1,4
0.5883754231556694,0.09818899710804871,-0.568135651329192,non-minority,female,Average,0,1
0.30630712121619275,-0.5894548867316659,-0.17172696899621673,non-minority,male,Average,0,1
-0.7555821784217847,1.5178034247613978,-0.6842576383493084,minority,female,Average,0,1
-0.025185677924482522,-0.5108927585239609,1.5331343574860001,non-minority,male,High,0,3
-0.48111140082635034,0.8057508985196611,0.26720912317910717,minority,non-binary,Average,0,5
0.544937922526592,0.5072953753067042,-0.3226039961845676,non-minority,male,Average,0,4
1.1935249591606316,-0.3867956929450851,2.247963183489583,non-minority,male,High,1,5
-0.6703915156227821,-0.9703754386896055,0.2891067175470528,non-minority,female,Average,0,3
1.0911209251120024,1.151107936180115,-0.6557188245380516,non-minority,male,Average,0,1
0.3441136101764161,-0.03703081169824588,0.043670924575771555,non-minority,female,Average,1,4
-0.12789722344600513,0.08548742963272687,-1.0757379885180356,minority,male,Low,1,1
0.38581644614932104,-0.2911713157810803,0.1467423596840959,non-minority,male,Average,0,1
-0.3499612817203358,0.02084489108372123,1.1000378267561703,non-minority,male,High,0,2
-0.14182485975989104,0.9966662133811053,0.12974510854349552,minority,female,Average,1,3
0.2984790746035126,-0.26295510226425944,0.15145650575515612,non-minority,female,Average,0,5
0.9995622707573946,0.9423750224264799,-0.6767463543547233,minority,non-binary,Average,0,1
0.16675966518264426,-1.1696304699641595,1.2419410207895427,non-minority,female,High,1,3
0.0643417187658709,0.1903182161415885,-1.3203958880693119,non-minority,male,Low,0,1
1.0047283035450232,-2.710511342982599,2.832012982121061,non-minority,male,High,1,3
1.2015222510772803,-2.390209227519633,1.3994414855866304,non-minority,non-binary,High,1,3
-0.07847663967016148,1.7382058177092412,-2.9867249002944884,minority,female,Low,0,4
-0.6248893851256404,0.4845683706765158,-0.3767132673651146,minority,non-binary,Average,0,4
0.6255088442304914,0.24480261680691057,0.43090041882807045,non-minority,female,Average,0,4
0.8260557952776084,0.19825938230600249,-0.8128082650033662,non-minority,female,Average,0,2
2.116692393956893,-1.9546908559142009,1.0942098865185872,minority,female,High,0,3
-0.8250211488603875,1.257547283291687,-0.6670334747197461,minority,non-binary,Average,0,4
0.08470738205438122,-1.13879637050164,0.8230402375505224,non-minority,female,Average,1,4
0.1877754942407501,0.4393242989664533,-0.19011227442373135,minority,non-binary,Average,0,4
1.8826772532907579,-0.215335799376989,0.9120274988320833,minority,male,Average,1,5
-1.0521301213227008,-1.347790267142416,1.2794494521175734,non-minority,female,High,1,2
-0.1388026575767634,1.5936418308613431,-1.6322855053454495,minority,female,Low,0,4
-0.09087213642025944,0.44953245038697803,0.4055844200606707,minority,non-binary,Average,1,2
1.2678675065695086,0.11053384549844106,-0.5392474456590473,non-minority,female,Average,1,5
1.360222541509661,-0.2706916883658069,0.1376710621730111,minority,non-binary,Average,1,1
-2.2542939814501337,1.999472764964975,-1.7482088949497927,non-minority,female,Low,0,4
0.1805035356726799,1.1892572106307608,-0.1709037778849566,minority,female,Average,0,3
-0.2567690006942646,0.32237361697709255,-0.9203934491362342,minority,non-binary,Average,0,1
0.3676662785256236,0.2359670197257998,-1.2819404552268083,non-minority,female,Low,0,1
-0.10201614353179664,-1.0759890973145625,0.5774233626370315,non-minority,male,Average,1,4
-1.744145467909639,2.0546521687230874,-1.5943377740139382,minority,male,Low,1,1
-0.18335636179965237,-0.7457411938552286,-0.5190892521403419,non-minority,male,Average,1,1
-0.23701128926361414,0.09231425049347597,-0.7636693029181785,non-minority,female,Average,1,1
